[{
  "tags":             ["vast3.0_OMCert","vast4.1_OMCert"],
  "category":         "skip-always",
  "midroll-positions": [20],
  "content-title":    "OMSDK Certification",
  "content-id":       "omsdk",
  "content-duration": 52,
  "content-url":      "https://pulse-demo.vp.videoplaza.tv/resources/media/sintel_trailer_854x480.mp4"
},{
  "tags":             ["vast3.0_OMCert","vast4.1_OMCert"],
  "category":         "skip-always",
  "midroll-positions": [20],
  "content-title":    "OMSDK Certification - skipAd as friendly obstruction",
  "content-id":       "omsdk",
  "content-duration": 52,
  "content-url":      "https://pulse-demo.vp.videoplaza.tv/resources/media/sintel_trailer_854x480.mp4"
},{
  "tags":              [],
  "content-title":     "No ads",
  "content-id":        "demo-none",
  "midroll-positions": [],
  "content-duration":  52,
  "content-url":       "https://pulse-demo.vp.videoplaza.tv/resources/media/sintel_trailer_854x480.mp4"
},{
  "tags":             ["om_vast4.1","om_vast4.0"],
  "category":         "skip-always",
  "midroll-positions": [10, 20],
  "content-title":    "OM AdVerification with Obstructions (skipAd and nextAdThumbnail)",
  "content-id":       "omsdk",
  "content-duration": 52,
  "content-url":      "https://pulse-demo.vp.videoplaza.tv/resources/media/sintel_trailer_854x480.mp4"
},{
  "tags":             ["om_vast4.1","om_vast4.0"],
  "category":         "skip-always",
  "midroll-positions": [10, 20],
  "content-title":    "OM AdVerification with skipAd as Friendly Obstruction",
  "content-id":       "omsdk",
  "content-duration": 52,
  "content-url":      "https://pulse-demo.vp.videoplaza.tv/resources/media/sintel_trailer_854x480.mp4"
},{
  "tags":             ["om_vast4.1","om_vast4.0"],
  "category":         "skip-always",
  "midroll-positions": [10, 20],
  "content-title":    "OM AdVerification skipAd as Friendly Obstruction after ad started",
  "content-id":       "omsdk",
  "content-duration": 52,
  "content-url":      "https://pulse-demo.vp.videoplaza.tv/resources/media/sintel_trailer_854x480.mp4"
},{
  "tags":              ["standard-prerolls"],
  "content-title":     "Preroll demo",
  "content-id":        "demo-preroll",
  "midroll-positions": [],
  "content-duration":  52,
  "content-url":       "https://pulse-demo.vp.videoplaza.tv/resources/media/sintel_trailer_854x480.mp4"
},{
  "tags":              ["standard-midrolls"],
  "midroll-positions": [10, 20],
  "content-title":     "Midroll demo",
  "content-id":        "demo-midroll",
  "content-duration":  52,
  "content-url":       "https://pulse-demo.vp.videoplaza.tv/resources/media/sintel_trailer_854x480.mp4"
},{
  "tags":             ["standard-postrolls"],
  "content-title":    "Postroll demo",
  "content-id":       "demo-postrolls",
  "content-duration": 52,
  "content-url":      "https://pulse-demo.vp.videoplaza.tv/resources/media/sintel_trailer_854x480.mp4"
},{
  "tags":             ["standard-linears"],
  "midroll-positions": [10],
  "content-title":    "Pre-/mid-/postroll demo",
  "content-id":       "demo",
  "content-duration": 52,
  "content-url":      "https://pulse-demo.vp.videoplaza.tv/resources/media/sintel_trailer_854x480.mp4"
},{
  "tags":              ["pause"],
  "content-title":     "Pause Ad",
  "content-id":        "demo",
  "midroll-positions": [],
  "content-duration":  52,
  "content-url":       "https://pulse-demo.vp.videoplaza.tv/resources/media/sintel_trailer_854x480.mp4"
},{
  "tags":              ["allSupportedAds"],
  "midroll-positions": [10, 20],
  "content-title":     "All supported ads",
  "content-id":        "demo",
  "content-duration":  52,
  "content-url":       "https://pulse-demo.vp.videoplaza.tv/resources/media/sintel_trailer_854x480.mp4"
},{
  "tags":             ["standard-linears"],
  "category":         "skip-always",
  "midroll-positions": [10, 20],
  "content-title":    "Pre-/mid-/postroll skippable",
  "content-id":       "demo",
  "content-duration": 52,
  "content-url":      "https://pulse-demo.vp.videoplaza.tv/resources/media/sintel_trailer_854x480.mp4"
},{
  "tags":             ["standard-linears"],
  "category":         "skip-after-first",
  "midroll-positions": [10, 20],
  "content-title":    "Pre-/mid-/postroll skip after first",
  "content-id":       "demo",
  "content-duration": 52,
  "content-url":      "https://pulse-demo.vp.videoplaza.tv/resources/media/sintel_trailer_854x480.mp4"
},{
  "tags":             ["standard-linears"],
  "category":         "frequency-capped-1min",
  "midroll-positions": [10, 20],
  "content-title":    "Frequency capping 1min",
  "content-id":       "demo-freq-capping",
  "content-duration": 52,
  "content-url":      "https://pulse-demo.vp.videoplaza.tv/resources/media/sintel_trailer_854x480.mp4"
},{
  "tags":              ["standard-prerolls"],
  "content-title":     "Session extension",
  "content-id":        "demo-preroll",
  "midroll-positions": [],
  "content-duration":  52,
  "content-url":       "https://pulse-demo.vp.videoplaza.tv/resources/media/sintel_trailer_854x480.mp4"
},{
  "tags":             ["preroll-media-invalid"],
  "content-title":    "Preroll demo - Ad media file invalid",
  "content-id":       "demo-preroll-invalid",
  "content-duration": 52,
  "content-url":      "https://pulse-demo.vp.videoplaza.tv/resources/media/sintel_trailer_854x480.mp4"
},{
  "tags":             ["preroll-media-timeout"],
  "content-title":    "Preroll demo - Ad media file timeout",
  "content-id":       "demo-preroll-timeout",
  "content-duration": 52,
  "content-url":      "https://pulse-demo.vp.videoplaza.tv/resources/media/sintel_trailer_854x480.mp4"
},{
  "tags":             ["preroll-media-404"],
  "content-title":    "Preroll demo - Ad media file 404",
  "content-id":       "demo-preroll-timeout",
  "content-duration": 52,
  "content-url":      "https://pulse-demo.vp.videoplaza.tv/resources/media/sintel_trailer_854x480.mp4"
},{
  "tags":             ["preroll-media-valid", "midroll-media-valid", "postroll-media-valid"],
  "midroll-positions": [10, 20],
  "content-title":    "Lazy Loaded Ads",
  "content-id":       "content-invalid",
  "content-url":      "https://pulse-demo.videoplaza.tv/proxy/pulse-demo/bad_media.mp4"
}]